constituency_name,result,declaration_time
Aberavon,Lab hold,08/05/2015 03:19
Aberconwy,Con hold,08/05/2015 02:48
Aberdeen North,SNP gain from Lab,08/05/2015 03:40
Aberdeen South,SNP gain from Lab,08/05/2015 09:39
Airdrie and Shotts,SNP gain from Lab,08/05/2015 03:07
Aldershot,Con hold,08/05/2015 04:39
Aldridge-Brownhills,Con hold,08/05/2015 04:55
Altrincham and Sale West,Con hold,08/05/2015 05:34
Alyn and Deeside,Lab hold,08/05/2015 03:38
Amber Valley,Con hold,08/05/2015 04:31
Angus,SNP hold,08/05/2015 02:37
Arfon,PC hold,08/05/2015 02:17
Argyll and Bute,SNP gain from LD,08/05/2015 05:39
Arundel and South Downs,Con hold,08/05/2015 07:51
Ashfield,Lab hold,08/05/2015 05:41
Ashford,Con hold,08/05/2015 05:19
Ashton-Under-Lyne,Lab hold,08/05/2015 08:09
Aylesbury,Con hold,08/05/2015 06:00
Ayr Carrick and Cumnock,SNP gain from Lab,08/05/2015 09:40
Banbury,Con hold,08/05/2015 07:23
Banff and Buchan,SNP hold,08/05/2015 09:40
Barking,Lab hold,08/05/2015 04:38
Barnsley Central,Lab hold,08/05/2015 03:34
Barnsley East,Lab hold,08/05/2015 04:02
Barrow and Furness,Lab hold,08/05/2015 06:53
Basildon and Billericay,Con hold,08/05/2015 03:23
Basingstoke,Con hold,08/05/2015 05:17
Bassetlaw,Lab hold,08/05/2015 05:31
Bath,Con gain from LD,08/05/2015 04:41
Batley and Spen,Lab hold,08/05/2015 06:29
Battersea,Con hold,08/05/2015 01:23
Beaconsfield,Con hold,08/05/2015 06:51
Beckenham,Con hold,08/05/2015 03:40
Bedford,Con hold,08/05/2015 09:19
Belfast East,DUP gain from Alliance,08/05/2015 02:47
Belfast North,DUP hold,08/05/2015 03:29
Belfast South,SDLP hold,08/05/2015 03:49
Belfast West,SF hold,08/05/2015 03:04
Bermondsey and Old Southwark,Lab gain from LD,08/05/2015 04:11
Berwickshire Roxburgh and Selkirk,SNP gain from LD,08/05/2015 07:22
Berwick-Upon-Tweed,Con gain from LD,08/05/2015 12:59
Bethnal Green and Bow,Lab hold,08/05/2015 05:38
Beverley and Holderness,Con hold,08/05/2015 14:12
Bexhill and Battle,Con hold,08/05/2015 07:39
Bexleyheath and Crayford,Con hold,08/05/2015 03:47
Birkenhead,Lab hold,08/05/2015 13:04
Birmingham Edgbaston,Lab hold,08/05/2015 05:58
Birmingham Erdington,Lab hold,08/05/2015 04:49
Birmingham Hall Green,Lab hold,08/05/2015 06:03
Birmingham Hodge Hill,Lab hold,08/05/2015 05:16
Birmingham Ladywood,Lab hold,08/05/2015 05:48
Birmingham Northfield,Lab hold,08/05/2015 04:36
Birmingham Perry Barr,Lab hold,08/05/2015 06:12
Birmingham Selly Oak,Lab hold,08/05/2015 05:24
Birmingham Yardley,Lab gain from LD,08/05/2015 05:33
Bishop Auckland,Lab hold,08/05/2015 03:46
Blackburn,Lab hold,08/05/2015 03:14
Blackley and Broughton,Lab hold,08/05/2015 04:35
Blackpool North and Cleveleys,Con hold,08/05/2015 05:39
Blackpool South,Lab hold,08/05/2015 05:05
Blaenau Gwent,Lab hold,08/05/2015 02:16
Blaydon,Lab hold,08/05/2015 04:42
Blyth Valley,Lab hold,08/05/2015 13:00
Bognor Regis and Littlehampton,Con hold,08/05/2015 07:14
Bolsover,Lab hold,08/05/2015 07:10
Bolton North East,Lab hold,08/05/2015 05:30
Bolton South East,Lab hold,08/05/2015 04:30
Bolton West,Con gain from Lab,08/05/2015 05:23
Bootle,Lab hold,08/05/2015 03:36
Boston and Skegness,Con hold,08/05/2015 06:25
Bosworth,Con hold,08/05/2015 05:40
Bournemouth East,Con hold,08/05/2015 06:22
Bournemouth West,Con hold,08/05/2015 05:57
Bracknell,Con hold,08/05/2015 05:44
Bradford East,Lab gain from LD,08/05/2015 05:43
Bradford South,Lab hold,08/05/2015 06:23
Bradford West,Lab hold,08/05/2015 06:07
Braintree,Con hold,08/05/2015 05:45
Brecon and Radnorshire,Con gain from LD,08/05/2015 02:53
Brent Central,Lab gain from LD,08/05/2015 03:39
Brentford and Isleworth,Lab gain from Con,08/05/2015 04:57
Brent North,Lab hold,08/05/2015 04:36
Brentwood and Ongar,Con hold,08/05/2015 04:30
Bridgend,Lab hold,08/05/2015 09:21
Bridgwater and West Somerset,Con hold,08/05/2015 08:33
Brigg and Goole,Con hold,08/05/2015 05:26
Brighton Kemptown,Con hold,08/05/2015 06:46
Brighton Pavilion,Green hold,08/05/2015 07:36
Bristol East,Lab hold,08/05/2015 05:50
Bristol North West,Con hold,08/05/2015 04:32
Bristol South,Lab hold,08/05/2015 06:11
Bristol West,Lab gain from LD,08/05/2015 06:48
Broadland,Con hold,08/05/2015 09:30
Bromley and Chislehurst,Con hold,08/05/2015 03:10
Bromsgrove,Con hold,08/05/2015 07:07
Broxbourne,Con hold,08/05/2015 02:28
Broxtowe,Con hold,08/05/2015 05:11
Buckingham,Spk hold,08/05/2015 06:19
Burnley,Lab gain from LD,08/05/2015 02:54
Burton,Con hold,08/05/2015 05:45
Bury North,Con hold,08/05/2015 05:17
Bury South,Lab hold,08/05/2015 04:34
Bury St Edmunds,Con hold,08/05/2015 07:10
Caerphilly,Lab hold,08/05/2015 02:59
Caithness Sutherland and Easter Ross,SNP gain from LD,08/05/2015 04:44
Calder Valley,Con hold,08/05/2015 08:01
Camberwell and Peckham,Lab hold,08/05/2015 04:46
Camborne and Redruth,Con hold,08/05/2015 05:02
Cambridge,Lab gain from LD,08/05/2015 06:00
Cannock Chase,Con hold,08/05/2015 05:12
Canterbury,Con hold,08/05/2015 04:40
Cardiff Central,Lab gain from LD,08/05/2015 03:29
Cardiff North,Con hold,08/05/2015 04:10
Cardiff South and Penarth,Lab hold,08/05/2015 03:45
Cardiff West,Lab hold,08/05/2015 06:07
Carlisle,Con hold,08/05/2015 03:46
Carmarthen East and Dinefwr,PC hold,08/05/2015 02:46
Carmarthen West and South Pembrokeshire,Con hold,08/05/2015 03:56
Carshalton and Wallington,LD hold,08/05/2015 04:37
Castle Point,Con hold,08/05/2015 09:17
Central Ayrshire,SNP gain from Lab,08/05/2015 03:52
Central Devon,Con hold,08/05/2015 11:27
Central Suffolk and North Ipswich,Con hold,08/05/2015 06:48
Ceredigion,LD hold,08/05/2015 02:11
Charnwood,Con hold,08/05/2015 06:31
Chatham and Aylesford,Con hold,08/05/2015 08:27
Cheadle,Con gain from LD,08/05/2015 07:09
Chelmsford,Con hold,08/05/2015 03:12
Chelsea and Fulham,Con hold,08/05/2015 03:35
Cheltenham,Con gain from LD,08/05/2015 04:46
Chesham and Amersham,Con hold,08/05/2015 06:29
Chesterfield,Lab hold,08/05/2015 04:46
Chichester,Con hold,08/05/2015 06:43
Chingford and Woodford Green,Con hold,08/05/2015 06:20
Chippenham,Con gain from LD,08/05/2015 03:43
Chipping Barnet,Con hold,08/05/2015 04:56
Chorley,Lab hold,08/05/2015 05:20
Christchurch,Con hold,08/05/2015 05:44
Cities Of London and Westminster,Con hold,08/05/2015 02:54
City Of Chester,Lab gain from Con,08/05/2015 07:15
City Of Durham,Lab hold,08/05/2015 04:57
Clacton,UKIP gain from Con,08/05/2015 04:38
Cleethorpes,Con hold,08/05/2015 04:48
Clwyd South,Lab hold,08/05/2015 01:44
Clwyd West,Con hold,08/05/2015 03:33
Coatbridge Chryston and Bellshill,SNP gain from Lab,08/05/2015 03:45
Colchester,Con gain from LD,08/05/2015 05:44
Colne Valley,Con hold,08/05/2015 06:16
Congleton,Con hold,08/05/2015 09:00
Copeland,Lab hold,08/05/2015 05:13
Corby,Con hold,08/05/2015 06:00
Coventry North East,Lab hold,08/05/2015 04:52
Coventry North West,Lab hold,08/05/2015 03:39
Coventry South,Lab hold,08/05/2015 03:26
Crawley,Con hold,08/05/2015 03:49
Crewe and Nantwich,Con hold,08/05/2015 09:18
Croydon Central,Con hold,08/05/2015 06:35
Croydon North,Lab hold,08/05/2015 04:53
Croydon South,Con hold,08/05/2015 05:48
Cumbernauld Kilsyth and Kirkintilloch East,SNP gain from Lab,08/05/2015 03:27
Cynon Valley,Lab hold,08/05/2015 03:47
Dagenham and Rainham,Lab hold,08/05/2015 03:44
Darlington,Lab hold,08/05/2015 02:29
Dartford,Con hold,08/05/2015 06:31
Daventry,Con hold,08/05/2015 06:09
Delyn,Lab hold,08/05/2015 03:47
Denton and Reddish,Lab hold,08/05/2015 08:33
Derby North,Con gain from Lab,08/05/2015 09:00
Derbyshire Dales,Con hold,08/05/2015 06:38
Derby South,Lab hold,08/05/2015 09:41
Devizes,Con hold,08/05/2015 04:35
Dewsbury,Lab gain from Con,08/05/2015 07:24
Doncaster Central,Lab hold,08/05/2015 05:46
Doncaster North,Lab hold,08/05/2015 05:22
Don Valley,Lab hold,08/05/2015 05:50
Dover,Con hold,08/05/2015 04:52
Dudley North,Lab hold,08/05/2015 05:07
Dudley South,Con hold,08/05/2015 05:22
Dulwich and West Norwood,Lab hold,08/05/2015 03:33
Dumfries and Galloway,SNP gain from Lab,08/05/2015 05:11
Dumfriesshire Clydesdale and Tweeddale,Con hold,08/05/2015 04:56
Dundee East,SNP hold,08/05/2015 02:40
Dundee West,SNP gain from Lab,08/05/2015 02:27
Dunfermline and West Fife,SNP gain from Lab,08/05/2015 03:30
Dwyfor Meirionnydd,PC hold,08/05/2015 03:24
Ealing Central and Acton,Lab gain from Con,08/05/2015 02:57
Ealing North,Lab hold,08/05/2015 03:15
Ealing Southall,Lab hold,08/05/2015 03:37
Easington,Lab hold,08/05/2015 03:11
East Antrim,DUP hold,08/05/2015 02:30
Eastbourne,Con gain from LD,08/05/2015 04:39
East Devon,Con hold,08/05/2015 07:19
East Dunbartonshire,SNP gain from LD,08/05/2015 02:46
East Ham,Lab hold,08/05/2015 05:27
East Hampshire,Con hold,08/05/2015 06:03
East Kilbride Strathaven and Lesmahagow,SNP gain from Lab,08/05/2015 02:36
Eastleigh,Con gain from LD,08/05/2015 04:37
East Londonderry,DUP hold,08/05/2015 06:08
East Lothian,SNP gain from Lab,08/05/2015 04:05
East Renfrewshire,SNP gain from Lab,08/05/2015 03:15
East Surrey,Con hold,08/05/2015 05:00
East Worthing and Shoreham,Con hold,08/05/2015 07:13
East Yorkshire,Con hold,08/05/2015 04:58
Eddisbury,Con hold,08/05/2015 05:23
Edinburgh East,SNP gain from Lab,08/05/2015 04:46
Edinburgh North and Leith,SNP gain from Lab Coop,08/05/2015 04:36
Edinburgh South,Lab hold,08/05/2015 04:32
Edinburgh South West,SNP gain from Lab,08/05/2015 09:41
Edinburgh West,SNP gain from LD,08/05/2015 05:10
Edmonton,Lab hold,08/05/2015 05:31
Ellesmere Port and Neston,Lab hold,08/05/2015 05:44
Elmet and Rothwell,Con hold,08/05/2015 06:44
Eltham,Lab hold,08/05/2015 05:32
Enfield North,Lab gain from Con,08/05/2015 04:46
Enfield Southgate,Con hold,08/05/2015 03:49
Epping Forest,Con hold,08/05/2015 04:36
Epsom and Ewell,Con hold,08/05/2015 06:34
Erewash,Con hold,08/05/2015 05:33
Erith and Thamesmead,Lab hold,08/05/2015 04:32
Esher and Walton,Con hold,08/05/2015 04:38
Exeter,Lab hold,08/05/2015 04:32
Falkirk,SNP gain from Lab,08/05/2015 02:29
Fareham,Con hold,08/05/2015 02:34
Faversham and Mid Kent,Con hold,08/05/2015 06:41
Feltham and Heston,Lab hold,08/05/2015 04:30
Fermanagh and South Tyrone,UUP gain from SF,08/05/2015 05:24
Filton and Bradley Stoke,Con hold,08/05/2015 05:54
Finchley and Golders Green,Con hold,08/05/2015 05:13
Folkestone and Hythe,Con hold,08/05/2015 05:16
Forest Of Dean,Con hold,08/05/2015 07:47
Foyle,SDLP hold,08/05/2015 01:42
Fylde,Con hold,08/05/2015 05:37
Gainsborough,Con hold,08/05/2015 07:21
Garston and Halewood,Lab hold,08/05/2015 04:41
Gateshead,Lab hold,08/05/2015 04:40
Gedling,Lab hold,08/05/2015 07:48
Gillingham and Rainham,Con hold,08/05/2015 08:48
Glasgow Central,SNP gain from Lab,08/05/2015 04:10
Glasgow East,SNP gain from Lab,08/05/2015 03:23
Glasgow North,SNP gain from Lab,08/05/2015 03:20
Glasgow North East,SNP gain from Lab,08/05/2015 03:46
Glasgow North West,SNP gain from Lab,08/05/2015 04:00
Glasgow South,SNP gain from Lab,08/05/2015 03:54
Glasgow South West,SNP gain from Lab Coop,08/05/2015 03:32
Glenrothes,SNP gain from Lab,08/05/2015 02:30
Gloucester,Con hold,08/05/2015 05:02
Gordon,SNP gain from LD,08/05/2015 06:45
Gosport,Con hold,08/05/2015 02:57
Gower,Con gain from Lab,08/05/2015 05:12
Grantham and Stamford,Con hold,08/05/2015 06:45
Gravesham,Con hold,08/05/2015 13:47
Great Grimsby,Lab hold,08/05/2015 04:45
Great Yarmouth,Con hold,08/05/2015 06:34
Greenwich and Woolwich,Lab hold,08/05/2015 05:40
Guildford,Con hold,08/05/2015 05:39
Hackney North and Stoke Newington,Lab hold,08/05/2015 04:40
Hackney South and Shoreditch,Lab hold,08/05/2015 04:43
Halesowen and Rowley Regis,Con hold,08/05/2015 04:44
Halifax,Lab hold,08/05/2015 08:48
Haltemprice and Howden,Con hold,08/05/2015 04:54
Halton,Lab hold,08/05/2015 02:32
Hammersmith,Lab hold,08/05/2015 03:11
Hampstead and Kilburn,Lab hold,08/05/2015 04:57
Harborough,Con hold,08/05/2015 09:45
Harlow,Con hold,08/05/2015 03:29
Harrogate and Knaresborough,Con hold,08/05/2015 03:27
Harrow East,Con hold,08/05/2015 05:41
Harrow West,Lab hold,08/05/2015 04:41
Hartlepool,Lab hold,08/05/2015 03:28
Harwich and North Essex,Con hold,08/05/2015 06:05
Hastings and Rye,Con hold,08/05/2015 04:41
Havant,Con hold,08/05/2015 02:55
Hayes and Harlington,Lab hold,08/05/2015 04:45
Hazel Grove,Con gain from LD,08/05/2015 05:22
Hemel Hempstead,Con hold,08/05/2015 07:47
Hemsworth,Lab hold,08/05/2015 06:20
Hendon,Con hold,08/05/2015 12:25
Henley,Con hold,08/05/2015 06:18
Hereford and South Herefordshire,Con hold,08/05/2015 05:43
Hertford and Stortford,Con hold,08/05/2015 05:40
Hertsmere,Con hold,08/05/2015 04:50
Hexham,Con hold,08/05/2015 13:43
Heywood and Middleton,Lab hold,08/05/2015 03:53
High Peak,Con hold,08/05/2015 05:17
Hitchin and Harpenden,Con hold,08/05/2015 05:13
Holborn and St Pancras,Lab hold,08/05/2015 05:07
Hornchurch and Upminster,Con hold,08/05/2015 05:18
Hornsey and Wood Green,Lab gain from LD,08/05/2015 04:09
Horsham,Con hold,08/05/2015 07:08
Houghton and Sunderland South,Lab hold,07/05/2015 22:48
Hove,Lab gain from Con,08/05/2015 07:20
Huddersfield,Lab hold,08/05/2015 05:21
Huntingdon,Con hold,08/05/2015 04:34
Hyndburn,Lab hold,08/05/2015 03:49
Ilford North,Lab gain from Con,08/05/2015 03:53
Ilford South,Lab hold,08/05/2015 03:29
Inverclyde,SNP gain from Lab,08/05/2015 03:03
Inverness Nairn Badenoch and Strathspey,SNP gain from LD,08/05/2015 05:54
Ipswich,Con hold,08/05/2015 04:59
Isle Of Wight,Con hold,08/05/2015 03:12
Islington North,Lab hold,08/05/2015 02:17
Islington South and Finsbury,Lab hold,08/05/2015 02:37
Islwyn,Lab hold,08/05/2015 02:30
Jarrow,Lab hold,08/05/2015 02:43
Keighley,Con hold,08/05/2015 08:15
Kenilworth and Southam,Con hold,08/05/2015 13:34
Kensington,Con hold,08/05/2015 03:37
Kettering,Con hold,08/05/2015 03:15
Kilmarnock and Loudoun,SNP gain from Lab Coop,08/05/2015 02:11
Kingston and Surbiton,Con gain from LD,08/05/2015 03:44
Kingston upon Hull East,Lab hold,08/05/2015 04:37
Kingston upon Hull North,Lab hold,08/05/2015 04:49
Kingston upon Hull West and Hessle,Lab hold,08/05/2015 04:40
Kingswood,Con hold,08/05/2015 06:12
Kirkcaldy and Cowdenbeath,SNP gain from Lab,08/05/2015 02:51
Knowsley,Lab hold,08/05/2015 03:30
Lagan Valley,DUP hold,08/05/2015 01:21
Lanark and Hamilton East,SNP gain from Lab,08/05/2015 03:14
Lancaster and Fleetwood,Lab gain from Con,08/05/2015 08:09
Leeds Central,Lab hold,08/05/2015 06:24
Leeds East,Lab hold,08/05/2015 06:10
Leeds North East,Lab hold,08/05/2015 08:01
Leeds North West,LD hold,08/05/2015 07:15
Leeds West,Lab hold,08/05/2015 06:32
Leicester East,Lab hold,08/05/2015 07:28
Leicester South,Lab hold,08/05/2015 06:02
Leicester West,Lab hold,08/05/2015 06:26
Leigh,Lab hold,08/05/2015 03:05
Lewes,Con gain from LD,08/05/2015 06:25
Lewisham Deptford,Lab hold,08/05/2015 05:51
Lewisham East,Lab hold,08/05/2015 05:45
Lewisham West and Penge,Lab hold,08/05/2015 05:28
Leyton and Wanstead,Lab hold,08/05/2015 06:28
Lichfield,Con hold,08/05/2015 05:18
Lincoln,Con hold,08/05/2015 04:48
Linlithgow and East Falkirk,SNP gain from Lab,08/05/2015 03:27
Liverpool Riverside,Lab hold,08/05/2015 04:46
Liverpool Walton,Lab hold,08/05/2015 05:25
Liverpool Wavertree,Lab hold,08/05/2015 04:42
Liverpool West Derby,Lab hold,08/05/2015 04:40
Livingston,SNP gain from Lab,08/05/2015 03:46
Llanelli,Lab hold,08/05/2015 02:13
Loughborough,Con hold,08/05/2015 06:09
Louth and Horncastle,Con hold,08/05/2015 07:35
Ludlow,Con hold,08/05/2015 03:37
Luton North,Lab hold,08/05/2015 11:31
Luton South,Lab hold,08/05/2015 12:14
Macclesfield,Con hold,08/05/2015 08:38
Maidenhead,Con hold,08/05/2015 06:04
Maidstone and The Weald,Con hold,08/05/2015 06:04
Makerfield,Lab hold,08/05/2015 03:40
Maldon,Con hold,08/05/2015 08:45
Manchester Central,Lab hold,08/05/2015 05:52
Manchester Gorton,Lab hold,08/05/2015 05:00
Manchester Withington,Lab gain from LD,08/05/2015 05:28
Mansfield,Lab hold,08/05/2015 06:31
Meon Valley,Con hold,08/05/2015 08:44
Meriden,Con hold,08/05/2015 06:37
Merthyr Tydfil and Rhymney,Lab hold,08/05/2015 03:11
Mid Bedfordshire,Con hold,08/05/2015 07:42
Mid Derbyshire,Con hold,08/05/2015 04:35
Middlesbrough,Lab hold,08/05/2015 07:32
Middlesbrough South and East Cleveland,Lab hold,08/05/2015 06:47
Mid Dorset and North Poole,Con gain from LD,08/05/2015 07:26
Midlothian,SNP gain from Lab,08/05/2015 02:50
Mid Norfolk,Con hold,08/05/2015 05:27
Mid Sussex,Con hold,08/05/2015 07:12
Mid Ulster,SF hold,08/05/2015 06:09
Mid Worcestershire,Con hold,08/05/2015 05:47
Milton Keynes North,Con hold,08/05/2015 06:59
Milton Keynes South,Con hold,08/05/2015 06:31
Mitcham and Morden,Lab hold,08/05/2015 02:41
Mole Valley,Con hold,08/05/2015 04:40
Monmouth,Con hold,08/05/2015 06:09
Montgomeryshire,Con hold,08/05/2015 02:46
Moray,SNP hold,08/05/2015 03:12
Morecambe and Lunesdale,Con hold,08/05/2015 08:28
Morley and Outwood,Con gain from Lab Coop,08/05/2015 08:18
Motherwell and Wishaw,SNP gain from Lab,08/05/2015 02:40
Na h-Eileanan An Iar,SNP hold,08/05/2015 02:15
Neath,Lab hold,08/05/2015 06:10
Newark,Con hold,08/05/2015 06:12
Newbury,Con hold,08/05/2015 12:52
Newcastle-Under-Lyme,Lab hold,08/05/2015 05:48
Newcastle Upon Tyne Central,Lab hold,08/05/2015 01:15
Newcastle Upon Tyne East,Lab hold,08/05/2015 01:04
Newcastle Upon Tyne North,Lab hold,08/05/2015 01:40
New Forest East,Con hold,08/05/2015 04:43
New Forest West,Con hold,08/05/2015 04:51
Newport East,Lab hold,08/05/2015 03:17
Newport West,Lab hold,08/05/2015 03:02
Newry and Armagh,SF hold,08/05/2015 05:32
Newton Abbot,Con hold,08/05/2015 05:50
Normanton Pontefract and Castleford,Lab hold,08/05/2015 05:16
Northampton North,Con hold,08/05/2015 05:03
Northampton South,Con hold,08/05/2015 05:07
North Antrim,DUP hold,08/05/2015 01:51
North Ayrshire and Arran,SNP gain from Lab,08/05/2015 03:20
North Cornwall,Con gain from LD,08/05/2015 05:52
North Devon,Con gain from LD,08/05/2015 06:51
North Dorset,Con hold,08/05/2015 07:39
North Down,Ind hold,08/05/2015 02:06
North Durham,Lab hold,08/05/2015 03:08
North East Bedfordshire,Con hold,08/05/2015 09:37
North East Cambridgeshire,Con hold,08/05/2015 07:52
North East Derbyshire,Lab hold,08/05/2015 06:46
North East Fife,SNP gain from LD,08/05/2015 04:39
North East Hampshire,Con hold,08/05/2015 04:39
North East Hertfordshire,Con hold,08/05/2015 03:24
North East Somerset,Con hold,08/05/2015 05:30
North Herefordshire,Con hold,08/05/2015 05:04
North Norfolk,LD hold,08/05/2015 07:03
North Shropshire,Con hold,08/05/2015 03:45
North Somerset,Con hold,08/05/2015 07:34
North Swindon,Con hold,08/05/2015 00:46
North Thanet,Con hold,08/05/2015 10:04
North Tyneside,Lab hold,08/05/2015 04:59
North Warwickshire,Con hold,08/05/2015 03:06
North West Cambridgeshire,Con hold,08/05/2015 05:19
North West Durham,Lab hold,08/05/2015 03:09
North West Hampshire,Con hold,08/05/2015 05:02
North West Leicestershire,Con hold,08/05/2015 04:55
North West Norfolk,Con hold,08/05/2015 08:00
North Wiltshire,Con hold,08/05/2015 05:00
Norwich North,Con hold,08/05/2015 07:55
Norwich South,Lab gain from LD,08/05/2015 05:17
Nottingham East,Lab hold,08/05/2015 06:42
Nottingham North,Lab hold,08/05/2015 06:35
Nottingham South,Lab hold,08/05/2015 06:23
Nuneaton,Con hold,08/05/2015 01:51
Ochil and South Perthshire,SNP gain from Lab,08/05/2015 02:30
Ogmore,Lab hold,08/05/2015 03:54
Old Bexley and Sidcup,Con hold,08/05/2015 04:34
Oldham East and Saddleworth,Lab hold,08/05/2015 05:37
Oldham West and Royton,Lab hold,08/05/2015 04:53
Orkney and Shetland,LD hold,08/05/2015 03:55
Orpington,Con hold,08/05/2015 04:38
Oxford East,Lab hold,08/05/2015 02:10
Oxford West and Abingdon,Con hold,08/05/2015 06:46
Paisley and Renfrewshire North,SNP gain from Lab,08/05/2015 03:00
Paisley and Renfrewshire South,SNP gain from Lab,08/05/2015 02:22
Pendle,Con hold,08/05/2015 04:54
Penistone and Stocksbridge,Lab hold,08/05/2015 05:59
Penrith and The Border,Con hold,08/05/2015 05:49
Perth and North Perthshire,SNP hold,08/05/2015 03:32
Peterborough,Con hold,08/05/2015 02:49
Plymouth Moor View,Con gain from Lab,08/05/2015 05:32
Plymouth Sutton and Devonport,Con hold,08/05/2015 07:31
Pontypridd,Lab hold,08/05/2015 03:35
Poole,Con hold,08/05/2015 06:52
Poplar and Limehouse,Lab hold,08/05/2015 05:00
Portsmouth North,Con hold,08/05/2015 06:17
Portsmouth South,Con gain from LD,08/05/2015 06:11
Preseli Pembrokeshire,Con hold,08/05/2015 04:39
Preston,Lab hold,08/05/2015 04:48
Pudsey,Con hold,08/05/2015 07:24
Putney,Con hold,08/05/2015 00:55
Rayleigh and Wickford,Con hold,08/05/2015 04:44
Reading East,Con hold,08/05/2015 07:33
Reading West,Con hold,08/05/2015 07:23
Redcar,Lab gain from LD,08/05/2015 03:38
Redditch,Con hold,08/05/2015 06:05
Reigate,Con hold,08/05/2015 04:36
Rhondda,Lab hold,08/05/2015 02:47
Ribble Valley,Con hold,08/05/2015 05:27
Richmond Park,Con hold,08/05/2015 04:07
Richmond Yorks,Con hold,08/05/2015 07:39
Rochdale,Lab hold,08/05/2015 04:05
Rochester and Strood,Con hold,08/05/2015 08:11
Rochford and Southend East,Con hold,08/05/2015 03:23
Romford,Con hold,08/05/2015 05:20
Romsey and Southampton North,Con hold,08/05/2015 05:57
Rossendale and Darwen,Con hold,08/05/2015 04:37
Ross Skye and Lochaber,SNP gain from LD,08/05/2015 05:19
Rotherham,Lab hold,08/05/2015 03:38
Rother Valley,Lab hold,08/05/2015 05:03
Rugby,Con hold,08/05/2015 06:14
Ruislip Northwood and Pinner,Con hold,08/05/2015 06:10
Runnymede and Weybridge,Con hold,08/05/2015 04:43
Rushcliffe,Con hold,08/05/2015 06:52
Rutherglen and Hamilton West,SNP gain from Lab Coop,08/05/2015 02:50
Rutland and Melton,Con hold,08/05/2015 06:15
Saffron Walden,Con hold,08/05/2015 06:02
Salford and Eccles,Lab hold,08/05/2015 05:33
Salisbury,Con hold,08/05/2015 03:47
Scarborough and Whitby,Con hold,08/05/2015 05:23
Scunthorpe,Lab hold,08/05/2015 04:50
Sedgefield,Lab hold,08/05/2015 03:47
Sefton Central,Lab hold,08/05/2015 05:54
Selby and Ainsty,Con hold,08/05/2015 06:06
Sevenoaks,Con hold,08/05/2015 04:58
Sheffield Brightside and Hillsborough,Lab hold,08/05/2015 05:29
Sheffield Central,Lab hold,08/05/2015 05:04
Sheffield Hallam,LD hold,08/05/2015 04:52
Sheffield Heeley,Lab hold,08/05/2015 05:16
Sheffield South East,Lab hold,08/05/2015 05:21
Sherwood,Con hold,08/05/2015 06:01
Shipley,Con hold,08/05/2015 07:10
Shrewsbury and Atcham,Con hold,08/05/2015 03:47
Sittingbourne and Sheppey,Con hold,08/05/2015 07:35
Skipton and Ripon,Con hold,08/05/2015 05:49
Sleaford and North Hykeham,Con hold,08/05/2015 05:24
Slough,Lab hold,08/05/2015 05:17
Solihull,Con gain from LD,08/05/2015 05:53
Somerton and Frome,Con gain from LD,08/05/2015 05:37
Southampton Itchen,Con gain from Lab,08/05/2015 04:58
Southampton Test,Lab hold,08/05/2015 05:01
South Antrim,UUP gain from DUP,08/05/2015 02:05
South Basildon and East Thurrock,Con hold,08/05/2015 04:06
South Cambridgeshire,Con hold,08/05/2015 05:02
South Derbyshire,Con hold,08/05/2015 03:53
South Dorset,Con hold,08/05/2015 06:48
South Down,SDLP hold,08/05/2015 04:44
South East Cambridgeshire,Con hold,08/05/2015 06:33
South East Cornwall,Con hold,08/05/2015 06:42
Southend West,Con hold,08/05/2015 03:12
South Holland and The Deepings,Con hold,08/05/2015 04:40
South Leicestershire,Con hold,08/05/2015 07:17
South Norfolk,Con hold,08/05/2015 04:34
South Northamptonshire,Con hold,08/05/2015 07:07
Southport,LD hold,08/05/2015 04:41
South Ribble,Con hold,08/05/2015 06:02
South Shields,Lab hold,08/05/2015 02:34
South Staffordshire,Con hold,08/05/2015 06:35
South Suffolk,Con hold,08/05/2015 07:18
South Swindon,Con hold,08/05/2015 02:41
South Thanet,Con hold,08/05/2015 10:45
South West Bedfordshire,Con hold,08/05/2015 08:32
South West Devon,Con hold,08/05/2015 07:53
South West Hertfordshire,Con hold,08/05/2015 04:38
South West Norfolk,Con hold,08/05/2015 08:08
South West Surrey,Con hold,08/05/2015 06:46
South West Wiltshire,Con hold,08/05/2015 03:48
Spelthorne,Con hold,08/05/2015 07:25
Stafford,Con hold,08/05/2015 07:03
Staffordshire Moorlands,Con hold,08/05/2015 06:25
St Albans,Con hold,08/05/2015 05:30
Stalybridge and Hyde,Lab hold,08/05/2015 08:46
St Austell and Newquay,Con gain from LD,08/05/2015 07:11
Stevenage,Con hold,08/05/2015 04:38
St Helens North,Lab hold,08/05/2015 04:42
St Helens South and Whiston,Lab hold,08/05/2015 03:50
Stirling,SNP gain from Lab,08/05/2015 03:17
St Ives,Con gain from LD,08/05/2015 15:26
Stockport,Lab hold,08/05/2015 05:52
Stockton North,Lab hold,08/05/2015 03:42
Stockton South,Con hold,08/05/2015 04:32
Stoke-On-Trent Central,Lab hold,08/05/2015 06:06
Stoke-On-Trent North,Lab hold,08/05/2015 08:45
Stoke-On-Trent South,Lab hold,08/05/2015 09:00
Stone,Con hold,08/05/2015 07:55
Stourbridge,Con hold,08/05/2015 05:09
Strangford,DUP hold,08/05/2015 02:03
Stratford-On-Avon,Con hold,08/05/2015 05:13
Streatham,Lab hold,08/05/2015 03:15
Stretford and Urmston,Lab hold,08/05/2015 06:09
Stroud,Con hold,08/05/2015 03:51
Suffolk Coastal,Con hold,08/05/2015 06:52
Sunderland Central,Lab hold,07/05/2015 23:16
Surrey Heath,Con hold,08/05/2015 07:33
Sutton and Cheam,Con gain from LD,08/05/2015 04:35
Sutton Coldfield,Con hold,08/05/2015 04:50
Swansea East,Lab hold,08/05/2015 03:26
Swansea West,Lab hold,08/05/2015 06:10
Tamworth,Con hold,08/05/2015 04:37
Tatton,Con hold,08/05/2015 07:04
Taunton Deane,Con gain from LD,08/05/2015 07:09
Telford,Con gain from Lab,08/05/2015 04:41
Tewkesbury,Con hold,08/05/2015 07:30
The Cotswolds,Con hold,08/05/2015 12:36
The Wrekin,Con hold,08/05/2015 04:35
Thirsk and Malton,Con hold,08/05/2015 07:18
Thornbury and Yate,Con gain from LD,08/05/2015 05:39
Thurrock,Con hold,08/05/2015 05:08
Tiverton and Honiton,Con hold,08/05/2015 07:54
Tonbridge and Malling,Con hold,08/05/2015 05:40
Tooting,Lab hold,08/05/2015 01:12
Torbay,Con gain from LD,08/05/2015 04:39
Torfaen,Lab hold,08/05/2015 02:45
Torridge and West Devon,Con hold,08/05/2015 10:52
Totnes,Con hold,08/05/2015 05:52
Tottenham,Lab hold,08/05/2015 03:13
Truro and Falmouth,Con hold,08/05/2015 07:10
Tunbridge Wells,Con hold,08/05/2015 05:03
Twickenham,Con gain from LD,08/05/2015 04:45
Tynemouth,Lab hold,08/05/2015 05:09
Upper Bann,DUP hold,08/05/2015 02:18
Uxbridge and South Ruislip,Con hold,08/05/2015 04:35
Vale Of Clwyd,Con gain from Lab,08/05/2015 03:13
Vale Of Glamorgan,Con hold,08/05/2015 05:33
Vauxhall,Lab hold,08/05/2015 03:28
Wakefield,Lab hold,08/05/2015 06:08
Wallasey,Lab hold,08/05/2015 03:41
Walsall North,Lab hold,08/05/2015 04:35
Walsall South,Lab hold,08/05/2015 04:48
Walthamstow,Lab hold,08/05/2015 06:35
Wansbeck,Lab hold,08/05/2015 13:02
Wantage,Con hold,08/05/2015 07:12
Warley,Lab hold,08/05/2015 03:33
Warrington North,Lab hold,08/05/2015 06:34
Warrington South,Con hold,08/05/2015 07:27
Warwick and Leamington,Con hold,08/05/2015 13:58
Washington and Sunderland West,Lab hold,07/05/2015 23:29
Watford,Con hold,08/05/2015 04:39
Waveney,Con hold,08/05/2015 08:05
Wealden,Con hold,08/05/2015 05:09
Weaver Vale,Con hold,08/05/2015 06:46
Wellingborough,Con hold,08/05/2015 04:41
Wells,Con gain from LD,08/05/2015 11:26
Welwyn Hatfield,Con hold,08/05/2015 06:03
Wentworth and Dearne,Lab hold,08/05/2015 04:34
West Aberdeenshire and Kincardine,SNP gain from LD,08/05/2015 04:45
West Bromwich East,Lab hold,08/05/2015 10:31
West Bromwich West,Lab hold,08/05/2015 03:42
West Dorset,Con hold,08/05/2015 06:18
West Dunbartonshire,SNP gain from Lab Coop,08/05/2015 02:23
West Ham,Lab hold,08/05/2015 04:34
West Lancashire,Lab hold,08/05/2015 04:55
Westminster North,Lab hold,08/05/2015 03:04
Westmorland and Lonsdale,LD hold,08/05/2015 03:25
Weston-Super-Mare,Con hold,08/05/2015 07:25
West Suffolk,Con hold,08/05/2015 04:56
West Tyrone,SF hold,08/05/2015 01:47
West Worcestershire,Con hold,08/05/2015 04:32
Wigan,Lab hold,08/05/2015 03:26
Wimbledon,Con hold,08/05/2015 02:55
Winchester,Con hold,08/05/2015 07:48
Windsor,Con hold,08/05/2015 06:47
Wirral South,Lab hold,08/05/2015 04:37
Wirral West,Lab gain from Con,08/05/2015 05:00
Witham,Con hold,08/05/2015 06:18
Witney,Con hold,08/05/2015 05:43
Woking,Con hold,08/05/2015 05:29
Wokingham,Con hold,08/05/2015 05:41
Wolverhampton North East,Lab hold,08/05/2015 05:12
Wolverhampton South East,Lab hold,08/05/2015 05:21
Wolverhampton South West,Lab gain from Con,08/05/2015 05:39
Worcester,Con hold,08/05/2015 03:05
Workington,Lab hold,08/05/2015 05:15
Worsley and Eccles South,Lab hold,08/05/2015 05:15
Worthing West,Con hold,08/05/2015 06:59
Wrexham,Lab hold,08/05/2015 01:26
Wycombe,Con hold,08/05/2015 05:06
Wyre and Preston North,Con hold,08/05/2015 05:14
Wyre Forest,Con hold,08/05/2015 06:56
Wythenshawe and Sale East,Lab hold,08/05/2015 04:33
Yeovil,Con gain from LD,08/05/2015 05:54
Ynys Mon,Lab hold,08/05/2015 03:47
York Central,Lab hold,08/05/2015 08:32
York Outer,Con hold,08/05/2015 08:38
